{
  "extName": {
    "message": "Google Meet Роздільні кімнати за Robert Hudek"
  },
  "extDesc": {
    "message": "Повністю безкоштовно, а ваші дані конфіденційні.  Google Classroom інтеграція, Повзунок керування, Псевдоніми, Довідкові посібники (English)"
  },
  "title": {
    "message": "Роздільні кімнати"
  },
  "myCourse": {
    "message": "Мій курс"
  },
  "myCourseDesc": {
    "message": "Мій опис курсу"
  },
  "headline1a": {
    "message": ""
  },
  "headline1b": {
    "message": ""
  },
  "headline1c": {
    "message": "Побудований з "
  },
  "headline1d": {
    "message": "за Robert Hudek, v"
  },
  "headline1e": {
    "message": "Примітки"
  },
  "toolTipRetile": {
    "message": "Повторити-Плитка"
  },
  "toolTipToolbar": {
    "message": "Сховати/Показати Meet Панель інструментів"
  },
  "audioFixTitle": {
    "message": "Новий метод для аудіо"
  },
  "audioFixIntro": {
    "message": "Установіть прапорець нижче, щоб використовувати новий метод аудіо.  Якщо у вас виникнуть проблеми, будь ласка, напишіть мені robert@hudektech.com.  Дякую"
  },
  "audioFixCheckbox": {
    "message": "Використовуйте цей новий метод"
  },
  "audioFixRecommend": {
    "message": "(Рекомендовано) "
  },
  "meet": {
    "message": "Почати заняття"
  },
  "rooms": {
    "message": "кімнати"
  },
  "courses": {
    "message": "курси"
  },
  "settings": {
    "message": "Налаштування"
  },
  "btnStudentsReport": {
    "message": "Студенти"
  },
  "btnRoomsReport": {
    "message": "Класна кімната"
  },
  "broadcast": {
    "message": "мовлення"
  },
  "sliderDefault": {
    "message": "Роздільні кімнати"
  },
  "defaultAccount": {
    "message": "Ваш рахунок "
  },
  "startClass": {
    "message": "Почніть заняття"
  },
  "assignBreakoutsAdhoc": {
    "message": "Ad Hoc (Призначити зараз)"
  },
  "assignBreakoutsPre": {
    "message": "до-Призначити"
  },
  "adhoc0": {
    "message": "Зверніть увагу: студенти не заходять до кімнати автоматично.  Учитель повинен надіслати учням посилання на сесійну кімнату в повідомленні чату.  потім учні клацають на посилання, щоб увійти до кімнати."
  },
  "adhoc1": {
    "message": "Step 1：Assign students"
  },
  "adhoc1a": {
    "message": "Random：Please click 'Random' button.  You may repeatedly click on Random until you see a grouping you like, then you can manually drag and drop to further refine. "
  },
  "adhoc1b": {
    "message": "Drag / Drop:  Manually drag and drop students into groups"
  },
  "adhoc1c": {
    "message": "Remove (click): Click on student's name to remove them from grouping"
  },
  "adhoc1d": {
    "message": "Remove (drag): Click and hold on a student's name to drag remove from group"
  },
  "adhoc11a": {
    "message": "If you do not see any students, this may be because your main room has no students"
  },
  "adhoc11b": {
    "message": "Here"
  },
  "adhoc12a": {
    "message": "If your list is missing some students, that may be because your main room does not display all your students.  Please check in google meet settings button on bottom toolbar '...' for Change Layout and select Tile.  Also please move the settings slider to 49 students, all the way to the right"
  },
  "adhoc13a": {
    "message": "Google Classroom Users，"
  },
  "adhoc13b": {
    "message": "Please confirm that on the 'Class' tab the Main room is green color, and the 'nickname' for that link is the Google Classroom meet link final 10 characters.  "
  },
  "adhoc2": {
    "message": "Step 2 and 3: Copy breakout room lnks and student assignments"
  },
  "adhoc2a": {
    "message": "After you assign students, please click "
  },
  "adhoc2b": {
    "message": "Here"
  },
  "adhoc2c": {
    "message": "."
  },
  "btnRandom": {
    "message": "Randomly Assign "
  },
  "lblStudents": {
    "message": "students"
  },
  "lblBreakoutRooms": {
    "message": "Breakout Rooms"
  },
  "lblBreakoutAssigns": {
    "message": "Small Group"
  },
  "popupHelpAdhoc": {
    "message": "Ad Hoc Assig"
  },
  "popupHelpAdhocStep2": {
    "message": "Step 2: Copy links to Breakout Rooms"
  },
  "popupHelpAdhocStep2a": {
    "message": "Please click"
  },
  "popupHelpAdhocStep2b": {
    "message": "Here"
  },
  "popupHelpAdhocStep2c": {
    "message": "to copy the Breakout Room links, then paste them into the Main Room chat message (command/control v)"
  },
  "popupHelpAdhocNumwords2a": {
    "message": "This is only"
  },
  "popupHelpAdhocNumwords2b": {
    "message": "characters, which is less than 500 characters maximum. OK to copy all at once"
  },
  "popupHelpAdhocNumwords2c": {
    "message": "This is "
  },
  "popupHelpAdhocNumwords2d": {
    "message": "characters, which is more than the 500 character maximum, which means you will need to copy / paste in sections to get under the 500 character maximum Google Meet chat message limitation for a single copy / paste.  You may need to copy in perhaps 2 or 3 sections.  Please highlight a few rows then copy / paste in in the Main Room chat, repeat for the remaining rows until everything is copied and pasted into the Main Room chat message. "
  },
  "popupHelpAdhocStep3": {
    "message": "Step 3: Copy and paste the student assignments"
  },
  "popupHelpAdhocStep3a": {
    "message": "Please click"
  },
  "popupHelpAdhocStep3b": {
    "message": "Here"
  },
  "popupHelpAdhocStep3c": {
    "message": "to copy the Breakout Room links, then paste them into the Main Room chat message (command/control v)"
  },
  "popupHelpAdhocNumwords3a": {
    "message": "This is only "
  },
  "popupHelpAdhocNumwords3b": {
    "message": "characters, which is less than 500 characters maximum. OK to copy all at once"
  },
  "popupHelpAdhocNumwords3c": {
    "message": "This is "
  },
  "popupHelpAdhocNumwords3d": {
    "message": "characters, which is more than the 500 character maximum, which means you will need to copy / paste in sections to get under the 500 character maximum Google Meet chat message limitation for a single copy / paste.  You may need to copy in perhaps 2 or 3 sections.  Please highlight a few rows then copy / paste in in the Main Room chat, repeat for the remaining rows until everything is copied and pasted into the Main Room chat message. "
  },
  "pre1": {
    "message": "Step 1: Copy your pre-assgined list of student / breakout room assignments"
  },
  "pre1a": {
    "message": "For example, from any text file you can copy the assignment list into the Main Room message chat."
  },
  "pre1b": {
    "message": "Every time you copy / paste, please make sure that you do not exceed the Google Meet chat message limitation of 500 characters for a single copy / paste. If you list has more than 500 characters then you will need to copy / paste in sections to get under the 500 character limitation for a single copy/paste."
  },
  "pre2": {
    "message": "Step 2: Copy / paste the Breakout Rooms links"
  },
  "pre2a": {
    "message": "Pleas click"
  },
  "pre2b": {
    "message": "Here"
  },
  "pre2c": {
    "message": "then in the Main Room chat message paste (command / control v)"
  },
  "preNumwords2a": {
    "message": "This is only "
  },
  "preNumwords2b": {
    "message": "characters, which is less than 500 characters maximum. OK to copy all at once"
  },
  "preNumwords2c": {
    "message": "This is "
  },
  "preNumwords2d": {
    "message": "characters, which is more than the 500 character maximum, which means you will need to copy / paste in sections to get under the 500 character maximum Google Meet chat message limitation for a single copy / paste.  You may need to copy in perhaps 2 or 3 sections.  Please highlight a few rows then copy / paste in in the Main Room chat, repeat for the remaining rows until everything is copied and pasted into the Main Room chat message. "
  },
  "helpNickname": {
    "message": "What is: Nickname, Code, URL? "
  },
  "helpNickname1a": {
    "message": "Nickname："
  },
  "helpNickname1b": {
    "message": "Nickname is a teacher freely chosen name, which is used to open a Meet.  Within a school this name must be unique to avoid confusion with another teacher's meet nickname which has the same name.  One method to avoid confusion is to have a name methodology, such as the teacher's name, followed by the course, and the day of the week, time.  An example is RHudek_Math1_050800. \n\n\r Please note that Google Meet limitation is that nicknames must be in English."
  },
  "helpNickname1c": {
    "message": "You must use English for Nicknames (Google Meet limitation)"
  },
  "helpNickname1d": {
    "message": ""
  },
  "helpNickname2": {
    "message": "Google Classroom teachers please note: "
  },
  "helpNickname2a": {
    "message": " From the Google Classroom page, please enter the entire 'meet link'.  The extension will automatically recognize the last 10 characters as the Google Classroom 'nickname'."
  },
  "helpNickname3": {
    "message": "For example, if the Google Classroom meet link is https://meet.google.com/lookup/g45j4fubqb, please copy the entire link and the extension will recognize the remaining g45j4fubqb as the 'nickname'"
  },
  "helpCode": {
    "message": " Code： "
  },
  "helpCode1a": {
    "message": "Code is a rarely used option.  The code is not freely defined by the teacher.  The code is a Google Meet assigned 12 character string in the format of 3 characters, '-', 4 characters, '-', and then 3 characters.  Example is abc-defg-hij. In this example, the meet link is https://meet.google.com/abc-defg-hij."
  },
  "helpUrl": {
    "message": "URL： "
  },
  "helpUrl1a": {
    "message": "URL is a very flexible option.  You can enter the google meet link (https://meet.google.com/abc-defg-hij) or any link you want to use for teaching.  For example, a teacher can pre-plan and store links for resources they want to use and open during class, such as https://en.wikipedia.org/wiki/Astronomy,  https://www.freecodecamp.org/， YouTube https://youtu.be/C4_uJmH9hmc"
  },

  "muteRemove": {
    "message": "Mute, Remove Students"
  },
  "reports": {
    "message": "Reports"
  },
  "dropdownCourse": {
    "message": "Courses"
  },
  "dropdownBreakouts": {
    "message": "Breakouts"
  },
  "default1": {
    "message": "If the account is correct, then everything is OK"
  },
  "default2": {
    "message": "If the account is not correct, then please do the following:"
  },
  "default3a": {
    "message": "Click"
  },
  "default3b": {
    "message": "Here"
  },
  "default3c": {
    "message": "To manage your google account list order"
  },
  "default4": {
    "message": "Logout of all your accounts"
  },
  "default5a": {
    "message": "Ваш обліковий запис Google Meet – ПЕРШИЙ обліковий запис у списку, до якого ви ввійшли. Якщо перший обліковий запис не є вашим бажаним обліковим записом Google для навчання, то, на жаль, вам доведеться вийти з усіх своїх облікових записів і повторно ввійти. Chrome зазвичай зберігає логін та паролі для кожного з ваших облікових записів, тому, сподіваємося, не складе труднощів повторно ввійти."
  },
  "default5b": {
    "message": "Важливо використовувати той самий основний обліковий запис Google (перший обліковий запис у списку) для запуску розширень для нарад і кімнат для сеансів, щоб ці розширення були послідовними."
  },
  "default5c": {
    "message": "Settings and opening of meets are according to your main google account (first account in list)"
  },
  "default6": {
    "message": "Once you re-login with the correct order (first account is your main account), you can login to all your other google accounts"
  },
  "btnOpenMain": {
    "message": "Open Main Room (or Google Classroom integration) "
  },
  "btnOpenMain1": {
    "message": "Open Main Room (or Google Classroom integration) "
  },
  "btnOpenMainRam": {
    "message": "Main Room"
  },
  "btnOpenBreakouts": {
    "message": "Open Breakouts"
  },
  "btnOpenAll": {
    "message": "Open All"
  },
  "checkRam": {
    "message": "Normally do NOT check this box.  Only choose this option if your computer has limited RAM memory, such as less than 8G RAM. If you check this box, then all the breakouts are open but just one is visible on the teacher's computer in order to save memory.  The teacher may use the slider to move between rooms."
  },
  "btnRam": {
    "message": "Open room window, use the slider to move to next room window"
  },
  "muteAllMain": {
    "message": "Mute all students: Only in the Main Room"
  },
  "muteAllBreakouts": {
    "message": "Mute all students: In All Breakout Rooms "
  },
  "muteAllRooms": {
    "message": "Mute all students: Main room and All Breakouts"
  },
  "muteAllThis": {
    "message": "Mute all students: Only in this room"
  },
  "removeAllThis": {
    "message": "Remove all students：Only in this room"
  },
  "removeBreakouts": {
    "message": "*** 討論完畢： 移除學生從所有討論室"
  },
  "hangupBreakouts": {
    "message": "*** End Breakouts：Close all Breakouts"
  },
  "removeMain": {
    "message": "*** Class Finished：Remove all students from Main Room"
  },
  "hangupMain": {
    "message": "*** Class Finished：Close Main Room"
  },
  "reportsClipboard": {
    "message": "Copy to Clipboard"
  },
  "reportsCsv": {
    "message": "Download CSV files"
  },
  "reportsLinks": {
    "message": "Breakout links"
  },
  "reportsAttendance": {
    "message": "Student Attendance"
  },
  "reportsAssignments": {
    "message": "Student / Breakout assignments"
  },
  "reportsGroups": {
    "message": "Breakout Room members"
  },
  "instructRoomLinks": {
    "message": "Help on how to enter classroom links"
  },
  "subHeadingRooms": {
    "message": "Rooms"
  },
  "code": {
    "message": "Code"
  },
  "url": {
    "message": "URL"
  },
  "nickname": {
    "message": "Nickname (English only)"
  },
  "nicknameHelplink": {
    "message": "Help"
  },
  "genDisplay": {
    "message": "Breakout Rooms layout"
  },
  "genTiles": {
    "message": "Tiles: Independent windows"
  },
  "genTabs": {
    "message": "Tabs: Window Tabs"
  },
  "genToolbarColor": {
    "message": "Meet Toolbar 顏色"
  },
  "genSolid": {
    "message": "Solid Color"
  },
  "genGrad": {
    "message": "Gradient"
  },
  "genDropSolid": {
    "message": "Solid Color"
  },
  "genDropEnd": {
    "message": "Ends"
  },
  "genDropMid": {
    "message": "Middle"
  },
  "rptYes": {
    "message": "Yes"
  },
  "rptNo": {
    "message": "No"
  },
  "rptTitleSSR": {
    "message": "Student Status"
  },
  "rptStudent": {
    "message": "Student"
  },
  "rptMain": {
    "message": "Main Room"
  },
  "rptActualRoom": {
    "message": "Actual Breakout"
  },
  "rptAssignRoom": {
    "message": "Assigned Breakout"
  },
  "rptTitleBRSR": {
    "message": "Breakout Status"
  },
  "rptBreakoutRoom": {
    "message": "Breakouts"
  },
  "rptActualStudent": {
    "message": "Actual Students"
  },
  "rptAssignStudent": {
    "message": "Assigned Students"
  },
  "setTimer": {
    "message": "Set Timer"
  },
  "timerHrs": {
    "message": "Hours"
  },
  "timerMin": {
    "message": "Minutes"
  },
  "timerSec": {
    "message": "Seconds"
  },
  "timerStart": {
    "message": "Start"
  },
  "timerStop": {
    "message": "Stop"
  },
  "timerReset": {
    "message": "Reset"
  },
  "enterCourses": {
    "message": "Enter Courses"
  },
  "firstRoomMain": {
    "message": "First row is Main Room, Second row is Breakouts"
  },
  "linksSaved": {
    "message": "Links Saved"
  },
  "mainName": {
    "message": "Main Room"
  },
  "roomsDupe": {
    "message": "Cannot save: Error because Room name or links are not unique.  All rooms must have a name "
  },
  "roomsCreatingUrl": {
    "message": "Currently saving link"
  },
  "roomsSaved": {
    "message": "Rooms saved"
  },
  "roomsNotYetSaved": {
    "message": "Rooms not yet saved"
  },
  "roomsUndo": {
    "message": "Undo"
  },
  "roomsNeedName": {
    "message": "Cannot save: All rooms need a name (unique)"
  },
  "roomsHowStart": {
    "message": "Simplest method: "
  },
  "roomsHowStart1": {
    "message": "In the room links, do not enter anything. Click (blue) save button and the extension will request a link from Google and fill it in for you.  You only need to give each room a unique name, that's all !"
  },
  "roomsHowGc": {
    "message": "Google Classroom Teachers： "
  },
  "roomsHowGc1": {
    "message": "From your google classroom main page, copy the 'meet link' and paste it here as the main room link.  For example, if your Meet link is https://meet.google.com/lookup/g45j4fubqb then copy this entire link as the main room link and then extension will save the last 10 characters as your nickname  "
  },
  "roomsHowGc2": {
    "message": "g45j4fubqb"
  },
  "roomsHowGc3": {
    "message": "If you first open the main room using the extension, then it is automatically synced with Google Classroom.  If you first open the main room using Google Classroom, then you will need to click on the Open Main Room in order to synchronize the extension with Google Classroom. "
  },
  "roomsHowTypes": {
    "message": "Nickname, Code, URLs： "
  },
  "roomsHowTypes1": {
    "message": "Explanation for these 3 types: "
  },
  "roomsHowNick": {
    "message": "Nickname： "
  },
  "roomsHowNick1": {
    "message": "Nickanme example "
  },
  "roomsHowNick2": {
    "message": "Nickname must not include a web address such as g.co/meet/ , meet.google.com/lookup/ . Nickname is freely chosen but must be unique within a school and must be in English (Google Meet requirement)"
  },
  "roomsHowNick3": {
    "message": "Nickname is green color.  Nickname is a dynamic link because it will create a new URL link address each time it is opened. Nickname is only available if your google account has this function (depends on your school account with Google)"
  },
  "roomsHowGcnick": {
    "message": "Google Classroom Nickname： "
  },
  "roomsHowGcnick1": {
    "message": "Example is meet link address"
  },
  "roomsHowGcnick2": {
    "message": "or last 10 characters for nickname"
  },
  "roomsHowGcnick3": {
    "message": "At the link address input, you may enter the meet web link address or the last 10 characters for nickname, such as g45j4fubqb "
  },
  "roomsHowGcnick4": {
    "message": "Google Classroom nickname is green color "
  },
  "roomsHowCode": {
    "message": "Code： "
  },
  "roomsHowCode1": {
    "message": "Code is always 12 characters of the form: 3 characters, -, 4 characters, -, 3 characters.  Example is "
  },
  "roomsHowCode2": {
    "message": "Code is rarely used.  Code is not freely chosen and is automatically assigned by the Google Meet. For example, the website https://meet/google.com/new will give you a new link and you can use the last 12 characters of this link as your code. "
  },
  "roomsHowCode3": {
    "message": "Code is a static link because it never changes. "
  },
  "roomsHowUrl": {
    "message": "Meet Url"
  },
  "roomsHowUrl1": {
    "message": "You may leave this blank (do not enter anything) and the extension will automatically fill it in for you.  This is the easiest method"
  },
  "roomsHowUrl2": {
    "message": "Automatically"
  },
  "roomsHowUrl3": {
    "message": "request from Google a link and fill it in for you. Or you can fill in a link if you already know the meet link or if you want to enter any URL.  "
  },
  "roomsHowUrl4": {
    "message": "Meet URLs are static because they never change.  However, there is one exception.  In the general settings if you choose 'Automatically Request New Link' then every time you open a meet you will get a brank new, different link.  This general settings option is rarely used but it is available if you need it "
  },
  "roomsHowUrl5": {
    "message": "Resource URL： "
  },
  "roomsHowUrl6": {
    "message": "Resource URL please enter the entire web url address including the https://. An example is"
  },
  "roomsHowUrl7": {
    "message": "Resource URL is very flexible, you may enter a science web site, math web site, or history web site and the extension will open it for you as a teaching resource. "
  },
  "courseEnter": {
    "message": "Please enter your course name "
  },
  "courseCourse": {
    "message": " Course"
  },
  "courseDesc": {
    "message": " Course description"
  },
  "coursesDupe": {
    "message": " Cannot save: Name is not unique. "
  },
  "coursesSaved": {
    "message": " Saved"
  },
  "coursesNotYetSaved": {
    "message": "Data changed but not saved"
  },
  "genSliderImg": {
    "message": "Control slider background"
  },
  "genSliderPos": {
    "message": "Image position"
  },
  "genSliderSize": {
    "message": "Image size"
  },
  "genSliderTextColor": {
    "message": "Text size"
  },
  "genSliderBackColor": {
    "message": "Background color"
  },
  "genBroadImg": {
    "message": "Broadcast background image"
  },
  "genBroadPos": {
    "message": "Image position"
  },
  "genBroadSize": {
    "message": "Image size"
  },
  "genBroadTextColor": {
    "message": "Text color"
  },
  "genBroadBackColor": {
    "message": "Background color"
  },
  "genAutoEnter": {
    "message": "Allow 'outsiders' to enter the classroom"
  },
  "genAutoEnter1": {
    "message": "If selected, 'outsiders' may automatically enter"
  },
  "genAutoEnter2": {
    "message": "Recommend not selected "
  },
  "genAutoEnter3": {
    "message": "For security concerns "
  },
  "genAutoJoin": {
    "message": "This is a convenience option which allows you to enter the rooms once they are open.  Recommend checked on"
  },
  "genAutoJoinMain": {
    "message": "Main Room"
  },
  "genAutoJoinBreak": {
    "message": "Breakouts"
  },
  "genAutoNewUrl": {
    "message": "Для «статичних» посилань, таких як фіолетові посилання, автоматично створюйте нове посилання на зустріч щоразу, коли воно відкривається. Цей варіант вибирають нечасто."
  },
  "genAutoNewUrl1": {
    "message": "Щоразу, коли ви відкриваєте зустріч Google, автоматично створюйте нове посилання на зустріч. Це не поширений варіант, але деякі вчителі просили його з міркувань безпеки, щоб завжди мати нове посилання. Будь ласка, майте на увазі, що за допомогою цієї опції вам ПЕРШЕ потрібно відкрити головну кімнату, щоб знайти нове посилання для інформування студентів електронною поштою або іншим способом зв’язку. Нове посилання буде збережено на вкладці Клас ПІСЛЯ відкриття зустрічі. Знову ж таки, це не поширений варіант, але він доступний, якщо вам це потрібно"
  },
  "genAutoNewUrl2": {
    "message": "Please note this option is only relevant for the 'static' links which are purple color in the Class tab"
  },
  "genAutoNewUrl3": {
    "message": "This option does not affect the nickname links (green color) or the code links (blue color)"
  },
  "genAutoNewUrlMain": {
    "message": "Main Room"
  },
  "genAutoNewUrlBreak": {
    "message": "Breakouts"
  },
  "coursesExpimp": {
    "message": "Export of Import all of the extension data"
  },
  "coursesExpimpWarn": {
    "message": "Please note: Importing will overwrite all the extension contents"
  },
  "coursesExp1": {
    "message": "Export all the extension data"
  },
  "coursesExp2": {
    "message": "File（.txt)"
  },
  "coursesExp3": {
    "message": "Export"
  },
  "coursesImp1": {
    "message": "Import all the extension data"
  },
  "coursesImp2": {
    "message": "File（.txt)"
  },
  "coursesImp3": {
    "message": "Import"
  },
  "coursesBuiltWith": {
    "message": "Created with ❤️ by Robert Hudek"
  },
  "roomsExpimp": {
    "message": "Export Import this course's links"
  },
  "roomsPopupTitle": {
    "message": "Course： "
  },
  "roomsExp1": {
    "message": "Export this course's information"
  },
  "roomsExp2": {
    "message": "File（.txt)"
  },
  "roomsExp3": {
    "message": "Export"
  },
  "roomsImp1": {
    "message": "Import this course's information"
  },
  "roomsImp2": {
    "message": "File（.txt)"
  },
  "roomsImp3": {
    "message": "Import"
  },
  "roomsBuiltWith": {
    "message": "Створено з ❤️ by Robert Hudek"
  },
  "errorAutoCreateLink": {
    "message": "Проблема із запитом на посилання на зустріч. Будь ласка, переконайтеся, що ви ввійшли в правильний обліковий запис Google Meet, який є першим у вашому списку облікових записів Google. Ви можете переглянути цей список за цим посиланням: https://accounts.google.com/SignoutOptions。Якщо перший обліковий запис у списку не є вашим основним обліковим записом для навчання, вийдіть з усіх облікових записів (вибачте, це процес Google) а потім увійдіть у свій перший обліковий запис за допомогою основного облікового запису для навчання. Потім ви зможете ввійти в інші облікові записи. "
  },
  "errorNick1": {
    "message": "Проблема зі створенням посилання з вашим псевдонімом:"
  },
  "errorNick2": {
    "message": "Переконайтеся, що у вашому обліковому записі Google є функція псевдоніма. Наприклад, Google Suite і Google Education мають цю функцію, а також інші типи облікових записів. Також переконайтеся, що ви ввійшли в правильний обліковий запис Google Meet, який є першим у вашому списку облікових записів Google. Ви можете переглянути цей список за цим посиланням: https://accounts.google.com/SignoutOptions。Якщо перший обліковий запис у списку не є вашим основним обліковим записом для навчання, вийдіть з усіх облікових записів (вибачте, це процес Google) а потім увійдіть у свій перший обліковий запис за допомогою основного облікового запису для навчання. Потім ви зможете ввійти в інші облікові записи. Якщо ваш обліковий запис Google не підтримує псевдоніми, використовуйте статичне посилання (фіолетові типи посилань) на вкладці «Клас»."
  },
  "errorBouncingBalls": {
    "message": "Є вікно зустрічі, яке неможливо синхронізувати. У цьому випадку закрийте всі вікна зустрічі та закрийте вікно розширення Панель керування. Потім знову відкрийте вікно розширення та знову відкрийте всі вікна зустрічі. Якщо у вас все ще виникають проблеми, можливо, доведеться закрити Chrome, а потім знову відкрити його. *** Будь ласка, НЕ видаляйте розширення, оскільки воно не потрібне, і це призведе до видалення даних розширення. Просто закрийте і знову відкрийте вікна."
  },
  "msgAllSync": {
    "message": "Успішно: усі вікна зустрічі синхронізовано"
  },
  "msgBreakoutSync": {
    "message": "Успіх: Усі кімнати секцій синхронізовані"
  },
  "msgMainSync": {
    "message": "Успіх: Головна кімната синхронізована"
  }
}
